tenant,Tenant #,status,anp-name,vrf-name,svi ip address,subnet mask bits,bd-name,svi-ip,pub-priv,arp-flood,uu-flood-proxy,epg-name,domain-name,sw-node-id,port-id,legacy-vlan-id
Chewbacca,2,"created,modified",Legacy_VLAN_EPGs,Main,10.2.10.1,24,VLAN_10_10.2.10.1-24,10.2.10.1/24,public,true,flood,VLAN_10_10.2.10.1-24,phys,101,eth1/1,10
Chewbacca,2,"created,modified",Legacy_VLAN_EPGs,Main,10.2.11.1,24,VLAN_11_10.2.11.1-24,10.2.11.1/24,public,true,flood,VLAN_11_10.2.11.1-24,phys,101,eth1/1,11
Chewbacca,2,"created,modified",Legacy_VLAN_EPGs,Main,10.2.12.1,24,VLAN_12_10.2.12.1-24,10.2.12.1/24,public,true,flood,VLAN_12_10.2.12.1-24,phys,101,eth1/1,12
Chewbacca,2,"created,modified",Legacy_VLAN_EPGs,Main,10.2.13.1,24,VLAN_13_10.2.13.1-24,10.2.13.1/24,public,true,flood,VLAN_13_10.2.13.1-24,phys,101,eth1/1,13
Chewbacca,2,"created,modified",Legacy_VLAN_EPGs,Main,10.2.14.1,24,VLAN_14_10.2.14.1-24,10.2.14.1/24,public,true,flood,VLAN_14_10.2.14.1-24,phys,101,eth1/1,14
Chewbacca,2,"created,modified",Legacy_VLAN_EPGs,Main,10.2.15.1,24,VLAN_15_10.2.15.1-24,10.2.15.1/24,public,true,flood,VLAN_15_10.2.15.1-24,phys,101,eth1/1,15
Chewbacca,2,"created,modified",Legacy_VLAN_EPGs,Main,10.2.16.1,24,VLAN_16_10.2.16.1-24,10.2.16.1/24,public,true,flood,VLAN_16_10.2.16.1-24,phys,101,eth1/1,16
Chewbacca,2,"created,modified",Legacy_VLAN_EPGs,Main,10.2.17.1,24,VLAN_17_10.2.17.1-24,10.2.17.1/24,public,true,flood,VLAN_17_10.2.17.1-24,phys,101,eth1/1,17
Chewbacca,2,"created,modified",Legacy_VLAN_EPGs,Main,10.2.18.1,24,VLAN_18_10.2.18.1-24,10.2.18.1/24,public,true,flood,VLAN_18_10.2.18.1-24,phys,101,eth1/1,18
Chewbacca,2,"created,modified",Legacy_VLAN_EPGs,Main,10.2.19.1,24,VLAN_19_10.2.19.1-24,10.2.19.1/24,public,true,flood,VLAN_19_10.2.19.1-24,phys,101,eth1/1,19
Chewbacca,2,"created,modified",Legacy_VLAN_EPGs,Main,10.2.20.1,24,VLAN_20_10.2.20.1-24,10.2.20.1/24,public,true,flood,VLAN_20_10.2.20.1-24,phys,101,eth1/1,20
Chewbacca,2,"created,modified",Legacy_VLAN_EPGs,Main,10.2.21.1,24,VLAN_21_10.2.21.1-24,10.2.21.1/24,public,true,flood,VLAN_21_10.2.21.1-24,phys,101,eth1/1,21
Chewbacca,2,"created,modified",Legacy_VLAN_EPGs,Main,10.2.22.1,24,VLAN_22_10.2.22.1-24,10.2.22.1/24,public,true,flood,VLAN_22_10.2.22.1-24,phys,101,eth1/1,22
Chewbacca,2,"created,modified",Legacy_VLAN_EPGs,Main,10.2.23.1,24,VLAN_23_10.2.23.1-24,10.2.23.1/24,public,true,flood,VLAN_23_10.2.23.1-24,phys,101,eth1/1,23
Chewbacca,2,"created,modified",Legacy_VLAN_EPGs,Main,10.2.24.1,24,VLAN_24_10.2.24.1-24,10.2.24.1/24,public,true,flood,VLAN_24_10.2.24.1-24,phys,101,eth1/1,24
Chewbacca,2,"created,modified",Legacy_VLAN_EPGs,Main,10.2.25.1,24,VLAN_25_10.2.25.1-24,10.2.25.1/24,public,true,flood,VLAN_25_10.2.25.1-24,phys,101,eth1/1,25
Chewbacca,2,"created,modified",Legacy_VLAN_EPGs,Main,10.2.26.1,24,VLAN_26_10.2.26.1-24,10.2.26.1/24,public,true,flood,VLAN_26_10.2.26.1-24,phys,101,eth1/1,26
Chewbacca,2,"created,modified",Legacy_VLAN_EPGs,Main,10.2.27.1,24,VLAN_27_10.2.27.1-24,10.2.27.1/24,public,true,flood,VLAN_27_10.2.27.1-24,phys,101,eth1/1,27
Chewbacca,2,"created,modified",Legacy_VLAN_EPGs,Main,10.2.28.1,24,VLAN_28_10.2.28.1-24,10.2.28.1/24,public,true,flood,VLAN_28_10.2.28.1-24,phys,101,eth1/1,28
Chewbacca,2,"created,modified",Legacy_VLAN_EPGs,Main,10.2.29.1,24,VLAN_29_10.2.29.1-24,10.2.29.1/24,public,true,flood,VLAN_29_10.2.29.1-24,phys,101,eth1/1,29
Chewbacca,2,"created,modified",Legacy_VLAN_EPGs,Main,10.2.30.1,24,VLAN_30_10.2.30.1-24,10.2.30.1/24,public,true,flood,VLAN_30_10.2.30.1-24,phys,101,eth1/1,30
Chewbacca,2,"created,modified",Legacy_VLAN_EPGs,Main,10.2.31.1,24,VLAN_31_10.2.31.1-24,10.2.31.1/24,public,true,flood,VLAN_31_10.2.31.1-24,phys,101,eth1/1,31
Chewbacca,2,"created,modified",Legacy_VLAN_EPGs,Main,10.2.32.1,24,VLAN_32_10.2.32.1-24,10.2.32.1/24,public,true,flood,VLAN_32_10.2.32.1-24,phys,101,eth1/1,32
Chewbacca,2,"created,modified",Legacy_VLAN_EPGs,Main,10.2.33.1,24,VLAN_33_10.2.33.1-24,10.2.33.1/24,public,true,flood,VLAN_33_10.2.33.1-24,phys,101,eth1/1,33
Chewbacca,2,"created,modified",Legacy_VLAN_EPGs,Main,10.2.34.1,24,VLAN_34_10.2.34.1-24,10.2.34.1/24,public,true,flood,VLAN_34_10.2.34.1-24,phys,101,eth1/1,34
Chewbacca,2,"created,modified",Legacy_VLAN_EPGs,Main,10.2.35.1,24,VLAN_35_10.2.35.1-24,10.2.35.1/24,public,true,flood,VLAN_35_10.2.35.1-24,phys,101,eth1/1,35
Chewbacca,2,"created,modified",Legacy_VLAN_EPGs,Main,10.2.36.1,24,VLAN_36_10.2.36.1-24,10.2.36.1/24,public,true,flood,VLAN_36_10.2.36.1-24,phys,101,eth1/1,36
Chewbacca,2,"created,modified",Legacy_VLAN_EPGs,Main,10.2.37.1,24,VLAN_37_10.2.37.1-24,10.2.37.1/24,public,true,flood,VLAN_37_10.2.37.1-24,phys,101,eth1/1,37
Chewbacca,2,"created,modified",Legacy_VLAN_EPGs,Main,10.2.38.1,24,VLAN_38_10.2.38.1-24,10.2.38.1/24,public,true,flood,VLAN_38_10.2.38.1-24,phys,101,eth1/1,38
Chewbacca,2,"created,modified",Legacy_VLAN_EPGs,Main,10.2.39.1,24,VLAN_39_10.2.39.1-24,10.2.39.1/24,public,true,flood,VLAN_39_10.2.39.1-24,phys,101,eth1/1,39
Chewbacca,2,"created,modified",Legacy_VLAN_EPGs,Main,10.2.40.1,24,VLAN_40_10.2.40.1-24,10.2.40.1/24,public,true,flood,VLAN_40_10.2.40.1-24,phys,101,eth1/1,40
Chewbacca,2,"created,modified",Legacy_VLAN_EPGs,Main,10.2.41.1,24,VLAN_41_10.2.41.1-24,10.2.41.1/24,public,true,flood,VLAN_41_10.2.41.1-24,phys,101,eth1/1,41
Chewbacca,2,"created,modified",Legacy_VLAN_EPGs,Main,10.2.42.1,24,VLAN_42_10.2.42.1-24,10.2.42.1/24,public,true,flood,VLAN_42_10.2.42.1-24,phys,101,eth1/1,42
Chewbacca,2,"created,modified",Legacy_VLAN_EPGs,Main,10.2.43.1,24,VLAN_43_10.2.43.1-24,10.2.43.1/24,public,true,flood,VLAN_43_10.2.43.1-24,phys,101,eth1/1,43
Chewbacca,2,"created,modified",Legacy_VLAN_EPGs,Main,10.2.44.1,24,VLAN_44_10.2.44.1-24,10.2.44.1/24,public,true,flood,VLAN_44_10.2.44.1-24,phys,101,eth1/1,44
Chewbacca,2,"created,modified",Legacy_VLAN_EPGs,Main,10.2.45.1,24,VLAN_45_10.2.45.1-24,10.2.45.1/24,public,true,flood,VLAN_45_10.2.45.1-24,phys,101,eth1/1,45
Chewbacca,2,"created,modified",Legacy_VLAN_EPGs,Main,10.2.46.1,24,VLAN_46_10.2.46.1-24,10.2.46.1/24,public,true,flood,VLAN_46_10.2.46.1-24,phys,101,eth1/1,46
Chewbacca,2,"created,modified",Legacy_VLAN_EPGs,Main,10.2.47.1,24,VLAN_47_10.2.47.1-24,10.2.47.1/24,public,true,flood,VLAN_47_10.2.47.1-24,phys,101,eth1/1,47
Chewbacca,2,"created,modified",Legacy_VLAN_EPGs,Main,10.2.48.1,24,VLAN_48_10.2.48.1-24,10.2.48.1/24,public,true,flood,VLAN_48_10.2.48.1-24,phys,101,eth1/1,48
Chewbacca,2,"created,modified",Legacy_VLAN_EPGs,Main,10.2.49.1,24,VLAN_49_10.2.49.1-24,10.2.49.1/24,public,true,flood,VLAN_49_10.2.49.1-24,phys,101,eth1/1,49
Chewbacca,2,"created,modified",Legacy_VLAN_EPGs,Main,10.2.50.1,24,VLAN_50_10.2.50.1-24,10.2.50.1/24,public,true,flood,VLAN_50_10.2.50.1-24,phys,101,eth1/1,50
Chewbacca,2,"created,modified",Legacy_VLAN_EPGs,Main,10.2.51.1,24,VLAN_51_10.2.51.1-24,10.2.51.1/24,public,true,flood,VLAN_51_10.2.51.1-24,phys,101,eth1/1,51
Chewbacca,2,"created,modified",Legacy_VLAN_EPGs,Main,10.2.52.1,24,VLAN_52_10.2.52.1-24,10.2.52.1/24,public,true,flood,VLAN_52_10.2.52.1-24,phys,101,eth1/1,52
Chewbacca,2,"created,modified",Legacy_VLAN_EPGs,Main,10.2.53.1,24,VLAN_53_10.2.53.1-24,10.2.53.1/24,public,true,flood,VLAN_53_10.2.53.1-24,phys,101,eth1/1,53
Chewbacca,2,"created,modified",Legacy_VLAN_EPGs,Main,10.2.54.1,24,VLAN_54_10.2.54.1-24,10.2.54.1/24,public,true,flood,VLAN_54_10.2.54.1-24,phys,101,eth1/1,54
Chewbacca,2,"created,modified",Legacy_VLAN_EPGs,Main,10.2.55.1,24,VLAN_55_10.2.55.1-24,10.2.55.1/24,public,true,flood,VLAN_55_10.2.55.1-24,phys,101,eth1/1,55
Chewbacca,2,"created,modified",Legacy_VLAN_EPGs,Main,10.2.56.1,24,VLAN_56_10.2.56.1-24,10.2.56.1/24,public,true,flood,VLAN_56_10.2.56.1-24,phys,101,eth1/1,56
Chewbacca,2,"created,modified",Legacy_VLAN_EPGs,Main,10.2.57.1,24,VLAN_57_10.2.57.1-24,10.2.57.1/24,public,true,flood,VLAN_57_10.2.57.1-24,phys,101,eth1/1,57
Chewbacca,2,"created,modified",Legacy_VLAN_EPGs,Main,10.2.58.1,24,VLAN_58_10.2.58.1-24,10.2.58.1/24,public,true,flood,VLAN_58_10.2.58.1-24,phys,101,eth1/1,58
Chewbacca,2,"created,modified",Legacy_VLAN_EPGs,Main,10.2.59.1,24,VLAN_59_10.2.59.1-24,10.2.59.1/24,public,true,flood,VLAN_59_10.2.59.1-24,phys,101,eth1/1,59
Chewbacca,2,"created,modified",Legacy_VLAN_EPGs,Main,10.2.60.1,24,VLAN_60_10.2.60.1-24,10.2.60.1/24,public,true,flood,VLAN_60_10.2.60.1-24,phys,101,eth1/1,60
Chewbacca,2,"created,modified",Legacy_VLAN_EPGs,Main,10.2.61.1,24,VLAN_61_10.2.61.1-24,10.2.61.1/24,public,true,flood,VLAN_61_10.2.61.1-24,phys,101,eth1/1,61
Chewbacca,2,"created,modified",Legacy_VLAN_EPGs,Main,10.2.62.1,24,VLAN_62_10.2.62.1-24,10.2.62.1/24,public,true,flood,VLAN_62_10.2.62.1-24,phys,101,eth1/1,62
Chewbacca,2,"created,modified",Legacy_VLAN_EPGs,Main,10.2.63.1,24,VLAN_63_10.2.63.1-24,10.2.63.1/24,public,true,flood,VLAN_63_10.2.63.1-24,phys,101,eth1/1,63
Chewbacca,2,"created,modified",Legacy_VLAN_EPGs,Main,10.2.64.1,24,VLAN_64_10.2.64.1-24,10.2.64.1/24,public,true,flood,VLAN_64_10.2.64.1-24,phys,101,eth1/1,64
Chewbacca,2,"created,modified",Legacy_VLAN_EPGs,Main,10.2.65.1,24,VLAN_65_10.2.65.1-24,10.2.65.1/24,public,true,flood,VLAN_65_10.2.65.1-24,phys,101,eth1/1,65
Chewbacca,2,"created,modified",Legacy_VLAN_EPGs,Main,10.2.66.1,24,VLAN_66_10.2.66.1-24,10.2.66.1/24,public,true,flood,VLAN_66_10.2.66.1-24,phys,101,eth1/1,66
Chewbacca,2,"created,modified",Legacy_VLAN_EPGs,Main,10.2.67.1,24,VLAN_67_10.2.67.1-24,10.2.67.1/24,public,true,flood,VLAN_67_10.2.67.1-24,phys,101,eth1/1,67
Chewbacca,2,"created,modified",Legacy_VLAN_EPGs,Main,10.2.68.1,24,VLAN_68_10.2.68.1-24,10.2.68.1/24,public,true,flood,VLAN_68_10.2.68.1-24,phys,101,eth1/1,68
Chewbacca,2,"created,modified",Legacy_VLAN_EPGs,Main,10.2.69.1,24,VLAN_69_10.2.69.1-24,10.2.69.1/24,public,true,flood,VLAN_69_10.2.69.1-24,phys,101,eth1/1,69
Chewbacca,2,"created,modified",Legacy_VLAN_EPGs,Main,10.2.70.1,24,VLAN_70_10.2.70.1-24,10.2.70.1/24,public,true,flood,VLAN_70_10.2.70.1-24,phys,101,eth1/1,70
Chewbacca,2,"created,modified",Legacy_VLAN_EPGs,Main,10.2.71.1,24,VLAN_71_10.2.71.1-24,10.2.71.1/24,public,true,flood,VLAN_71_10.2.71.1-24,phys,101,eth1/1,71
Chewbacca,2,"created,modified",Legacy_VLAN_EPGs,Main,10.2.72.1,24,VLAN_72_10.2.72.1-24,10.2.72.1/24,public,true,flood,VLAN_72_10.2.72.1-24,phys,101,eth1/1,72
Chewbacca,2,"created,modified",Legacy_VLAN_EPGs,Main,10.2.73.1,24,VLAN_73_10.2.73.1-24,10.2.73.1/24,public,true,flood,VLAN_73_10.2.73.1-24,phys,101,eth1/1,73
Chewbacca,2,"created,modified",Legacy_VLAN_EPGs,Main,10.2.74.1,24,VLAN_74_10.2.74.1-24,10.2.74.1/24,public,true,flood,VLAN_74_10.2.74.1-24,phys,101,eth1/1,74
Chewbacca,2,"created,modified",Legacy_VLAN_EPGs,Main,10.2.75.1,24,VLAN_75_10.2.75.1-24,10.2.75.1/24,public,true,flood,VLAN_75_10.2.75.1-24,phys,101,eth1/1,75
Chewbacca,2,"created,modified",Legacy_VLAN_EPGs,Main,10.2.76.1,24,VLAN_76_10.2.76.1-24,10.2.76.1/24,public,true,flood,VLAN_76_10.2.76.1-24,phys,101,eth1/1,76
Chewbacca,2,"created,modified",Legacy_VLAN_EPGs,Main,10.2.77.1,24,VLAN_77_10.2.77.1-24,10.2.77.1/24,public,true,flood,VLAN_77_10.2.77.1-24,phys,101,eth1/1,77
Chewbacca,2,"created,modified",Legacy_VLAN_EPGs,Main,10.2.78.1,24,VLAN_78_10.2.78.1-24,10.2.78.1/24,public,true,flood,VLAN_78_10.2.78.1-24,phys,101,eth1/1,78
Chewbacca,2,"created,modified",Legacy_VLAN_EPGs,Main,10.2.79.1,24,VLAN_79_10.2.79.1-24,10.2.79.1/24,public,true,flood,VLAN_79_10.2.79.1-24,phys,101,eth1/1,79
Chewbacca,2,"created,modified",Legacy_VLAN_EPGs,Main,10.2.80.1,24,VLAN_80_10.2.80.1-24,10.2.80.1/24,public,true,flood,VLAN_80_10.2.80.1-24,phys,101,eth1/1,80
Chewbacca,2,"created,modified",Legacy_VLAN_EPGs,Main,10.2.81.1,24,VLAN_81_10.2.81.1-24,10.2.81.1/24,public,true,flood,VLAN_81_10.2.81.1-24,phys,101,eth1/1,81
Chewbacca,2,"created,modified",Legacy_VLAN_EPGs,Main,10.2.82.1,24,VLAN_82_10.2.82.1-24,10.2.82.1/24,public,true,flood,VLAN_82_10.2.82.1-24,phys,101,eth1/1,82
Chewbacca,2,"created,modified",Legacy_VLAN_EPGs,Main,10.2.83.1,24,VLAN_83_10.2.83.1-24,10.2.83.1/24,public,true,flood,VLAN_83_10.2.83.1-24,phys,101,eth1/1,83
Chewbacca,2,"created,modified",Legacy_VLAN_EPGs,Main,10.2.84.1,24,VLAN_84_10.2.84.1-24,10.2.84.1/24,public,true,flood,VLAN_84_10.2.84.1-24,phys,101,eth1/1,84
Chewbacca,2,"created,modified",Legacy_VLAN_EPGs,Main,10.2.85.1,24,VLAN_85_10.2.85.1-24,10.2.85.1/24,public,true,flood,VLAN_85_10.2.85.1-24,phys,101,eth1/1,85
Chewbacca,2,"created,modified",Legacy_VLAN_EPGs,Main,10.2.86.1,24,VLAN_86_10.2.86.1-24,10.2.86.1/24,public,true,flood,VLAN_86_10.2.86.1-24,phys,101,eth1/1,86
Chewbacca,2,"created,modified",Legacy_VLAN_EPGs,Main,10.2.87.1,24,VLAN_87_10.2.87.1-24,10.2.87.1/24,public,true,flood,VLAN_87_10.2.87.1-24,phys,101,eth1/1,87
Chewbacca,2,"created,modified",Legacy_VLAN_EPGs,Main,10.2.88.1,24,VLAN_88_10.2.88.1-24,10.2.88.1/24,public,true,flood,VLAN_88_10.2.88.1-24,phys,101,eth1/1,88
Chewbacca,2,"created,modified",Legacy_VLAN_EPGs,Main,10.2.89.1,24,VLAN_89_10.2.89.1-24,10.2.89.1/24,public,true,flood,VLAN_89_10.2.89.1-24,phys,101,eth1/1,89
Chewbacca,2,"created,modified",Legacy_VLAN_EPGs,Main,10.2.90.1,24,VLAN_90_10.2.90.1-24,10.2.90.1/24,public,true,flood,VLAN_90_10.2.90.1-24,phys,101,eth1/1,90
Chewbacca,2,"created,modified",Legacy_VLAN_EPGs,Main,10.2.91.1,24,VLAN_91_10.2.91.1-24,10.2.91.1/24,public,true,flood,VLAN_91_10.2.91.1-24,phys,101,eth1/1,91
Chewbacca,2,"created,modified",Legacy_VLAN_EPGs,Main,10.2.92.1,24,VLAN_92_10.2.92.1-24,10.2.92.1/24,public,true,flood,VLAN_92_10.2.92.1-24,phys,101,eth1/1,92
Chewbacca,2,"created,modified",Legacy_VLAN_EPGs,Main,10.2.93.1,24,VLAN_93_10.2.93.1-24,10.2.93.1/24,public,true,flood,VLAN_93_10.2.93.1-24,phys,101,eth1/1,93
Chewbacca,2,"created,modified",Legacy_VLAN_EPGs,Main,10.2.94.1,24,VLAN_94_10.2.94.1-24,10.2.94.1/24,public,true,flood,VLAN_94_10.2.94.1-24,phys,101,eth1/1,94
Chewbacca,2,"created,modified",Legacy_VLAN_EPGs,Main,10.2.95.1,24,VLAN_95_10.2.95.1-24,10.2.95.1/24,public,true,flood,VLAN_95_10.2.95.1-24,phys,101,eth1/1,95
Chewbacca,2,"created,modified",Legacy_VLAN_EPGs,Main,10.2.96.1,24,VLAN_96_10.2.96.1-24,10.2.96.1/24,public,true,flood,VLAN_96_10.2.96.1-24,phys,101,eth1/1,96
Chewbacca,2,"created,modified",Legacy_VLAN_EPGs,Main,10.2.97.1,24,VLAN_97_10.2.97.1-24,10.2.97.1/24,public,true,flood,VLAN_97_10.2.97.1-24,phys,101,eth1/1,97
Chewbacca,2,"created,modified",Legacy_VLAN_EPGs,Main,10.2.98.1,24,VLAN_98_10.2.98.1-24,10.2.98.1/24,public,true,flood,VLAN_98_10.2.98.1-24,phys,101,eth1/1,98
Chewbacca,2,"created,modified",Legacy_VLAN_EPGs,Main,10.2.99.1,24,VLAN_99_10.2.99.1-24,10.2.99.1/24,public,true,flood,VLAN_99_10.2.99.1-24,phys,101,eth1/1,99
Chewbacca,2,"created,modified",Legacy_VLAN_EPGs,Main,10.2.100.1,24,VLAN_100_10.2.100.1-24,10.2.100.1/24,public,true,flood,VLAN_100_10.2.100.1-24,phys,101,eth1/1,100
Chewbacca,2,"created,modified",Legacy_VLAN_EPGs,Main,10.2.101.1,24,VLAN_101_10.2.101.1-24,10.2.101.1/24,public,true,flood,VLAN_101_10.2.101.1-24,phys,101,eth1/1,101
Chewbacca,2,"created,modified",Legacy_VLAN_EPGs,Main,10.2.102.1,24,VLAN_102_10.2.102.1-24,10.2.102.1/24,public,true,flood,VLAN_102_10.2.102.1-24,phys,101,eth1/1,102
Chewbacca,2,"created,modified",Legacy_VLAN_EPGs,Main,10.2.103.1,24,VLAN_103_10.2.103.1-24,10.2.103.1/24,public,true,flood,VLAN_103_10.2.103.1-24,phys,101,eth1/1,103
Chewbacca,2,"created,modified",Legacy_VLAN_EPGs,Main,10.2.104.1,24,VLAN_104_10.2.104.1-24,10.2.104.1/24,public,true,flood,VLAN_104_10.2.104.1-24,phys,101,eth1/1,104
Chewbacca,2,"created,modified",Legacy_VLAN_EPGs,Main,10.2.105.1,24,VLAN_105_10.2.105.1-24,10.2.105.1/24,public,true,flood,VLAN_105_10.2.105.1-24,phys,101,eth1/1,105
Chewbacca,2,"created,modified",Legacy_VLAN_EPGs,Main,10.2.106.1,24,VLAN_106_10.2.106.1-24,10.2.106.1/24,public,true,flood,VLAN_106_10.2.106.1-24,phys,101,eth1/1,106
Chewbacca,2,"created,modified",Legacy_VLAN_EPGs,Main,10.2.107.1,24,VLAN_107_10.2.107.1-24,10.2.107.1/24,public,true,flood,VLAN_107_10.2.107.1-24,phys,101,eth1/1,107
Chewbacca,2,"created,modified",Legacy_VLAN_EPGs,Main,10.2.108.1,24,VLAN_108_10.2.108.1-24,10.2.108.1/24,public,true,flood,VLAN_108_10.2.108.1-24,phys,101,eth1/1,108
Chewbacca,2,"created,modified",Legacy_VLAN_EPGs,Main,10.2.109.1,24,VLAN_109_10.2.109.1-24,10.2.109.1/24,public,true,flood,VLAN_109_10.2.109.1-24,phys,101,eth1/1,109
Chewbacca,2,"created,modified",Legacy_VLAN_EPGs,Main,10.2.110.1,24,VLAN_110_10.2.110.1-24,10.2.110.1/24,public,true,flood,VLAN_110_10.2.110.1-24,phys,101,eth1/1,110
Chewbacca,2,"created,modified",Legacy_VLAN_EPGs,Main,10.2.111.1,24,VLAN_111_10.2.111.1-24,10.2.111.1/24,public,true,flood,VLAN_111_10.2.111.1-24,phys,101,eth1/1,111
Chewbacca,2,"created,modified",Legacy_VLAN_EPGs,Main,10.2.112.1,24,VLAN_112_10.2.112.1-24,10.2.112.1/24,public,true,flood,VLAN_112_10.2.112.1-24,phys,101,eth1/1,112
Chewbacca,2,"created,modified",Legacy_VLAN_EPGs,Main,10.2.113.1,24,VLAN_113_10.2.113.1-24,10.2.113.1/24,public,true,flood,VLAN_113_10.2.113.1-24,phys,101,eth1/1,113
Chewbacca,2,"created,modified",Legacy_VLAN_EPGs,Main,10.2.114.1,24,VLAN_114_10.2.114.1-24,10.2.114.1/24,public,true,flood,VLAN_114_10.2.114.1-24,phys,101,eth1/1,114
Chewbacca,2,"created,modified",Legacy_VLAN_EPGs,Main,10.2.115.1,24,VLAN_115_10.2.115.1-24,10.2.115.1/24,public,true,flood,VLAN_115_10.2.115.1-24,phys,101,eth1/1,115
Chewbacca,2,"created,modified",Legacy_VLAN_EPGs,Main,10.2.116.1,24,VLAN_116_10.2.116.1-24,10.2.116.1/24,public,true,flood,VLAN_116_10.2.116.1-24,phys,101,eth1/1,116
Chewbacca,2,"created,modified",Legacy_VLAN_EPGs,Main,10.2.117.1,24,VLAN_117_10.2.117.1-24,10.2.117.1/24,public,true,flood,VLAN_117_10.2.117.1-24,phys,101,eth1/1,117
Chewbacca,2,"created,modified",Legacy_VLAN_EPGs,Main,10.2.118.1,24,VLAN_118_10.2.118.1-24,10.2.118.1/24,public,true,flood,VLAN_118_10.2.118.1-24,phys,101,eth1/1,118
Chewbacca,2,"created,modified",Legacy_VLAN_EPGs,Main,10.2.119.1,24,VLAN_119_10.2.119.1-24,10.2.119.1/24,public,true,flood,VLAN_119_10.2.119.1-24,phys,101,eth1/1,119
Chewbacca,2,"created,modified",Legacy_VLAN_EPGs,Main,10.2.120.1,24,VLAN_120_10.2.120.1-24,10.2.120.1/24,public,true,flood,VLAN_120_10.2.120.1-24,phys,101,eth1/1,120
Chewbacca,2,"created,modified",Legacy_VLAN_EPGs,Main,10.2.121.1,24,VLAN_121_10.2.121.1-24,10.2.121.1/24,public,true,flood,VLAN_121_10.2.121.1-24,phys,101,eth1/1,121
Chewbacca,2,"created,modified",Legacy_VLAN_EPGs,Main,10.2.122.1,24,VLAN_122_10.2.122.1-24,10.2.122.1/24,public,true,flood,VLAN_122_10.2.122.1-24,phys,101,eth1/1,122
Chewbacca,2,"created,modified",Legacy_VLAN_EPGs,Main,10.2.123.1,24,VLAN_123_10.2.123.1-24,10.2.123.1/24,public,true,flood,VLAN_123_10.2.123.1-24,phys,101,eth1/1,123
Chewbacca,2,"created,modified",Legacy_VLAN_EPGs,Main,10.2.124.1,24,VLAN_124_10.2.124.1-24,10.2.124.1/24,public,true,flood,VLAN_124_10.2.124.1-24,phys,101,eth1/1,124
Chewbacca,2,"created,modified",Legacy_VLAN_EPGs,Main,10.2.125.1,24,VLAN_125_10.2.125.1-24,10.2.125.1/24,public,true,flood,VLAN_125_10.2.125.1-24,phys,101,eth1/1,125
Chewbacca,2,"created,modified",Legacy_VLAN_EPGs,Main,10.2.126.1,24,VLAN_126_10.2.126.1-24,10.2.126.1/24,public,true,flood,VLAN_126_10.2.126.1-24,phys,101,eth1/1,126
Chewbacca,2,"created,modified",Legacy_VLAN_EPGs,Main,10.2.127.1,24,VLAN_127_10.2.127.1-24,10.2.127.1/24,public,true,flood,VLAN_127_10.2.127.1-24,phys,101,eth1/1,127
Chewbacca,2,"created,modified",Legacy_VLAN_EPGs,Main,10.2.128.1,24,VLAN_128_10.2.128.1-24,10.2.128.1/24,public,true,flood,VLAN_128_10.2.128.1-24,phys,101,eth1/1,128
Chewbacca,2,"created,modified",Legacy_VLAN_EPGs,Main,10.2.129.1,24,VLAN_129_10.2.129.1-24,10.2.129.1/24,public,true,flood,VLAN_129_10.2.129.1-24,phys,101,eth1/1,129
Chewbacca,2,"created,modified",Legacy_VLAN_EPGs,Main,10.2.130.1,24,VLAN_130_10.2.130.1-24,10.2.130.1/24,public,true,flood,VLAN_130_10.2.130.1-24,phys,101,eth1/1,130
Chewbacca,2,"created,modified",Legacy_VLAN_EPGs,Main,10.2.131.1,24,VLAN_131_10.2.131.1-24,10.2.131.1/24,public,true,flood,VLAN_131_10.2.131.1-24,phys,101,eth1/1,131
Chewbacca,2,"created,modified",Legacy_VLAN_EPGs,Main,10.2.132.1,24,VLAN_132_10.2.132.1-24,10.2.132.1/24,public,true,flood,VLAN_132_10.2.132.1-24,phys,101,eth1/1,132
Chewbacca,2,"created,modified",Legacy_VLAN_EPGs,Main,10.2.133.1,24,VLAN_133_10.2.133.1-24,10.2.133.1/24,public,true,flood,VLAN_133_10.2.133.1-24,phys,101,eth1/1,133
Chewbacca,2,"created,modified",Legacy_VLAN_EPGs,Main,10.2.134.1,24,VLAN_134_10.2.134.1-24,10.2.134.1/24,public,true,flood,VLAN_134_10.2.134.1-24,phys,101,eth1/1,134
Chewbacca,2,"created,modified",Legacy_VLAN_EPGs,Main,10.2.135.1,24,VLAN_135_10.2.135.1-24,10.2.135.1/24,public,true,flood,VLAN_135_10.2.135.1-24,phys,101,eth1/1,135
Chewbacca,2,"created,modified",Legacy_VLAN_EPGs,Main,10.2.136.1,24,VLAN_136_10.2.136.1-24,10.2.136.1/24,public,true,flood,VLAN_136_10.2.136.1-24,phys,101,eth1/1,136
Chewbacca,2,"created,modified",Legacy_VLAN_EPGs,Main,10.2.137.1,24,VLAN_137_10.2.137.1-24,10.2.137.1/24,public,true,flood,VLAN_137_10.2.137.1-24,phys,101,eth1/1,137
Chewbacca,2,"created,modified",Legacy_VLAN_EPGs,Main,10.2.138.1,24,VLAN_138_10.2.138.1-24,10.2.138.1/24,public,true,flood,VLAN_138_10.2.138.1-24,phys,101,eth1/1,138
Chewbacca,2,"created,modified",Legacy_VLAN_EPGs,Main,10.2.139.1,24,VLAN_139_10.2.139.1-24,10.2.139.1/24,public,true,flood,VLAN_139_10.2.139.1-24,phys,101,eth1/1,139
Chewbacca,2,"created,modified",Legacy_VLAN_EPGs,Main,10.2.140.1,24,VLAN_140_10.2.140.1-24,10.2.140.1/24,public,true,flood,VLAN_140_10.2.140.1-24,phys,101,eth1/1,140
Chewbacca,2,"created,modified",Legacy_VLAN_EPGs,Main,10.2.141.1,24,VLAN_141_10.2.141.1-24,10.2.141.1/24,public,true,flood,VLAN_141_10.2.141.1-24,phys,101,eth1/1,141
Chewbacca,2,"created,modified",Legacy_VLAN_EPGs,Main,10.2.142.1,24,VLAN_142_10.2.142.1-24,10.2.142.1/24,public,true,flood,VLAN_142_10.2.142.1-24,phys,101,eth1/1,142
Chewbacca,2,"created,modified",Legacy_VLAN_EPGs,Main,10.2.143.1,24,VLAN_143_10.2.143.1-24,10.2.143.1/24,public,true,flood,VLAN_143_10.2.143.1-24,phys,101,eth1/1,143
Chewbacca,2,"created,modified",Legacy_VLAN_EPGs,Main,10.2.144.1,24,VLAN_144_10.2.144.1-24,10.2.144.1/24,public,true,flood,VLAN_144_10.2.144.1-24,phys,101,eth1/1,144
Chewbacca,2,"created,modified",Legacy_VLAN_EPGs,Main,10.2.145.1,24,VLAN_145_10.2.145.1-24,10.2.145.1/24,public,true,flood,VLAN_145_10.2.145.1-24,phys,101,eth1/1,145
Chewbacca,2,"created,modified",Legacy_VLAN_EPGs,Main,10.2.146.1,24,VLAN_146_10.2.146.1-24,10.2.146.1/24,public,true,flood,VLAN_146_10.2.146.1-24,phys,101,eth1/1,146
Chewbacca,2,"created,modified",Legacy_VLAN_EPGs,Main,10.2.147.1,24,VLAN_147_10.2.147.1-24,10.2.147.1/24,public,true,flood,VLAN_147_10.2.147.1-24,phys,101,eth1/1,147
Chewbacca,2,"created,modified",Legacy_VLAN_EPGs,Main,10.2.148.1,24,VLAN_148_10.2.148.1-24,10.2.148.1/24,public,true,flood,VLAN_148_10.2.148.1-24,phys,101,eth1/1,148
Chewbacca,2,"created,modified",Legacy_VLAN_EPGs,Main,10.2.149.1,24,VLAN_149_10.2.149.1-24,10.2.149.1/24,public,true,flood,VLAN_149_10.2.149.1-24,phys,101,eth1/1,149
Chewbacca,2,"created,modified",Legacy_VLAN_EPGs,Main,10.2.150.1,24,VLAN_150_10.2.150.1-24,10.2.150.1/24,public,true,flood,VLAN_150_10.2.150.1-24,phys,101,eth1/1,150
Chewbacca,2,"created,modified",Legacy_VLAN_EPGs,Main,10.2.151.1,24,VLAN_151_10.2.151.1-24,10.2.151.1/24,public,true,flood,VLAN_151_10.2.151.1-24,phys,101,eth1/1,151
Chewbacca,2,"created,modified",Legacy_VLAN_EPGs,Main,10.2.152.1,24,VLAN_152_10.2.152.1-24,10.2.152.1/24,public,true,flood,VLAN_152_10.2.152.1-24,phys,101,eth1/1,152
Chewbacca,2,"created,modified",Legacy_VLAN_EPGs,Main,10.2.153.1,24,VLAN_153_10.2.153.1-24,10.2.153.1/24,public,true,flood,VLAN_153_10.2.153.1-24,phys,101,eth1/1,153
Chewbacca,2,"created,modified",Legacy_VLAN_EPGs,Main,10.2.154.1,24,VLAN_154_10.2.154.1-24,10.2.154.1/24,public,true,flood,VLAN_154_10.2.154.1-24,phys,101,eth1/1,154
Chewbacca,2,"created,modified",Legacy_VLAN_EPGs,Main,10.2.155.1,24,VLAN_155_10.2.155.1-24,10.2.155.1/24,public,true,flood,VLAN_155_10.2.155.1-24,phys,101,eth1/1,155
Chewbacca,2,"created,modified",Legacy_VLAN_EPGs,Main,10.2.156.1,24,VLAN_156_10.2.156.1-24,10.2.156.1/24,public,true,flood,VLAN_156_10.2.156.1-24,phys,101,eth1/1,156
Chewbacca,2,"created,modified",Legacy_VLAN_EPGs,Main,10.2.157.1,24,VLAN_157_10.2.157.1-24,10.2.157.1/24,public,true,flood,VLAN_157_10.2.157.1-24,phys,101,eth1/1,157
Chewbacca,2,"created,modified",Legacy_VLAN_EPGs,Main,10.2.158.1,24,VLAN_158_10.2.158.1-24,10.2.158.1/24,public,true,flood,VLAN_158_10.2.158.1-24,phys,101,eth1/1,158
Chewbacca,2,"created,modified",Legacy_VLAN_EPGs,Main,10.2.159.1,24,VLAN_159_10.2.159.1-24,10.2.159.1/24,public,true,flood,VLAN_159_10.2.159.1-24,phys,101,eth1/1,159
Chewbacca,2,"created,modified",Legacy_VLAN_EPGs,Main,10.2.160.1,24,VLAN_160_10.2.160.1-24,10.2.160.1/24,public,true,flood,VLAN_160_10.2.160.1-24,phys,101,eth1/1,160
Chewbacca,2,"created,modified",Legacy_VLAN_EPGs,Main,10.2.161.1,24,VLAN_161_10.2.161.1-24,10.2.161.1/24,public,true,flood,VLAN_161_10.2.161.1-24,phys,101,eth1/1,161
Chewbacca,2,"created,modified",Legacy_VLAN_EPGs,Main,10.2.162.1,24,VLAN_162_10.2.162.1-24,10.2.162.1/24,public,true,flood,VLAN_162_10.2.162.1-24,phys,101,eth1/1,162
Chewbacca,2,"created,modified",Legacy_VLAN_EPGs,Main,10.2.163.1,24,VLAN_163_10.2.163.1-24,10.2.163.1/24,public,true,flood,VLAN_163_10.2.163.1-24,phys,101,eth1/1,163
Chewbacca,2,"created,modified",Legacy_VLAN_EPGs,Main,10.2.164.1,24,VLAN_164_10.2.164.1-24,10.2.164.1/24,public,true,flood,VLAN_164_10.2.164.1-24,phys,101,eth1/1,164
Chewbacca,2,"created,modified",Legacy_VLAN_EPGs,Main,10.2.165.1,24,VLAN_165_10.2.165.1-24,10.2.165.1/24,public,true,flood,VLAN_165_10.2.165.1-24,phys,101,eth1/1,165
Chewbacca,2,"created,modified",Legacy_VLAN_EPGs,Main,10.2.166.1,24,VLAN_166_10.2.166.1-24,10.2.166.1/24,public,true,flood,VLAN_166_10.2.166.1-24,phys,101,eth1/1,166
Chewbacca,2,"created,modified",Legacy_VLAN_EPGs,Main,10.2.167.1,24,VLAN_167_10.2.167.1-24,10.2.167.1/24,public,true,flood,VLAN_167_10.2.167.1-24,phys,101,eth1/1,167
Chewbacca,2,"created,modified",Legacy_VLAN_EPGs,Main,10.2.168.1,24,VLAN_168_10.2.168.1-24,10.2.168.1/24,public,true,flood,VLAN_168_10.2.168.1-24,phys,101,eth1/1,168
Chewbacca,2,"created,modified",Legacy_VLAN_EPGs,Main,10.2.169.1,24,VLAN_169_10.2.169.1-24,10.2.169.1/24,public,true,flood,VLAN_169_10.2.169.1-24,phys,101,eth1/1,169
Chewbacca,2,"created,modified",Legacy_VLAN_EPGs,Main,10.2.170.1,24,VLAN_170_10.2.170.1-24,10.2.170.1/24,public,true,flood,VLAN_170_10.2.170.1-24,phys,101,eth1/1,170
Chewbacca,2,"created,modified",Legacy_VLAN_EPGs,Main,10.2.171.1,24,VLAN_171_10.2.171.1-24,10.2.171.1/24,public,true,flood,VLAN_171_10.2.171.1-24,phys,101,eth1/1,171
Chewbacca,2,"created,modified",Legacy_VLAN_EPGs,Main,10.2.172.1,24,VLAN_172_10.2.172.1-24,10.2.172.1/24,public,true,flood,VLAN_172_10.2.172.1-24,phys,101,eth1/1,172
Chewbacca,2,"created,modified",Legacy_VLAN_EPGs,Main,10.2.173.1,24,VLAN_173_10.2.173.1-24,10.2.173.1/24,public,true,flood,VLAN_173_10.2.173.1-24,phys,101,eth1/1,173
Chewbacca,2,"created,modified",Legacy_VLAN_EPGs,Main,10.2.174.1,24,VLAN_174_10.2.174.1-24,10.2.174.1/24,public,true,flood,VLAN_174_10.2.174.1-24,phys,101,eth1/1,174
Chewbacca,2,"created,modified",Legacy_VLAN_EPGs,Main,10.2.175.1,24,VLAN_175_10.2.175.1-24,10.2.175.1/24,public,true,flood,VLAN_175_10.2.175.1-24,phys,101,eth1/1,175
Chewbacca,2,"created,modified",Legacy_VLAN_EPGs,Main,10.2.176.1,24,VLAN_176_10.2.176.1-24,10.2.176.1/24,public,true,flood,VLAN_176_10.2.176.1-24,phys,101,eth1/1,176
Chewbacca,2,"created,modified",Legacy_VLAN_EPGs,Main,10.2.177.1,24,VLAN_177_10.2.177.1-24,10.2.177.1/24,public,true,flood,VLAN_177_10.2.177.1-24,phys,101,eth1/1,177
Chewbacca,2,"created,modified",Legacy_VLAN_EPGs,Main,10.2.178.1,24,VLAN_178_10.2.178.1-24,10.2.178.1/24,public,true,flood,VLAN_178_10.2.178.1-24,phys,101,eth1/1,178
Chewbacca,2,"created,modified",Legacy_VLAN_EPGs,Main,10.2.179.1,24,VLAN_179_10.2.179.1-24,10.2.179.1/24,public,true,flood,VLAN_179_10.2.179.1-24,phys,101,eth1/1,179
Chewbacca,2,"created,modified",Legacy_VLAN_EPGs,Main,10.2.180.1,24,VLAN_180_10.2.180.1-24,10.2.180.1/24,public,true,flood,VLAN_180_10.2.180.1-24,phys,101,eth1/1,180
Chewbacca,2,"created,modified",Legacy_VLAN_EPGs,Main,10.2.181.1,24,VLAN_181_10.2.181.1-24,10.2.181.1/24,public,true,flood,VLAN_181_10.2.181.1-24,phys,101,eth1/1,181
Chewbacca,2,"created,modified",Legacy_VLAN_EPGs,Main,10.2.182.1,24,VLAN_182_10.2.182.1-24,10.2.182.1/24,public,true,flood,VLAN_182_10.2.182.1-24,phys,101,eth1/1,182
Chewbacca,2,"created,modified",Legacy_VLAN_EPGs,Main,10.2.183.1,24,VLAN_183_10.2.183.1-24,10.2.183.1/24,public,true,flood,VLAN_183_10.2.183.1-24,phys,101,eth1/1,183
Chewbacca,2,"created,modified",Legacy_VLAN_EPGs,Main,10.2.184.1,24,VLAN_184_10.2.184.1-24,10.2.184.1/24,public,true,flood,VLAN_184_10.2.184.1-24,phys,101,eth1/1,184
Chewbacca,2,"created,modified",Legacy_VLAN_EPGs,Main,10.2.185.1,24,VLAN_185_10.2.185.1-24,10.2.185.1/24,public,true,flood,VLAN_185_10.2.185.1-24,phys,101,eth1/1,185
Chewbacca,2,"created,modified",Legacy_VLAN_EPGs,Main,10.2.186.1,24,VLAN_186_10.2.186.1-24,10.2.186.1/24,public,true,flood,VLAN_186_10.2.186.1-24,phys,101,eth1/1,186
Chewbacca,2,"created,modified",Legacy_VLAN_EPGs,Main,10.2.187.1,24,VLAN_187_10.2.187.1-24,10.2.187.1/24,public,true,flood,VLAN_187_10.2.187.1-24,phys,101,eth1/1,187
Chewbacca,2,"created,modified",Legacy_VLAN_EPGs,Main,10.2.188.1,24,VLAN_188_10.2.188.1-24,10.2.188.1/24,public,true,flood,VLAN_188_10.2.188.1-24,phys,101,eth1/1,188
Chewbacca,2,"created,modified",Legacy_VLAN_EPGs,Main,10.2.189.1,24,VLAN_189_10.2.189.1-24,10.2.189.1/24,public,true,flood,VLAN_189_10.2.189.1-24,phys,101,eth1/1,189
Chewbacca,2,"created,modified",Legacy_VLAN_EPGs,Main,10.2.190.1,24,VLAN_190_10.2.190.1-24,10.2.190.1/24,public,true,flood,VLAN_190_10.2.190.1-24,phys,101,eth1/1,190
Chewbacca,2,"created,modified",Legacy_VLAN_EPGs,Main,10.2.191.1,24,VLAN_191_10.2.191.1-24,10.2.191.1/24,public,true,flood,VLAN_191_10.2.191.1-24,phys,101,eth1/1,191
Chewbacca,2,"created,modified",Legacy_VLAN_EPGs,Main,10.2.192.1,24,VLAN_192_10.2.192.1-24,10.2.192.1/24,public,true,flood,VLAN_192_10.2.192.1-24,phys,101,eth1/1,192
Chewbacca,2,"created,modified",Legacy_VLAN_EPGs,Main,10.2.193.1,24,VLAN_193_10.2.193.1-24,10.2.193.1/24,public,true,flood,VLAN_193_10.2.193.1-24,phys,101,eth1/1,193
Chewbacca,2,"created,modified",Legacy_VLAN_EPGs,Main,10.2.194.1,24,VLAN_194_10.2.194.1-24,10.2.194.1/24,public,true,flood,VLAN_194_10.2.194.1-24,phys,101,eth1/1,194
Chewbacca,2,"created,modified",Legacy_VLAN_EPGs,Main,10.2.195.1,24,VLAN_195_10.2.195.1-24,10.2.195.1/24,public,true,flood,VLAN_195_10.2.195.1-24,phys,101,eth1/1,195
Chewbacca,2,"created,modified",Legacy_VLAN_EPGs,Main,10.2.196.1,24,VLAN_196_10.2.196.1-24,10.2.196.1/24,public,true,flood,VLAN_196_10.2.196.1-24,phys,101,eth1/1,196
Chewbacca,2,"created,modified",Legacy_VLAN_EPGs,Main,10.2.197.1,24,VLAN_197_10.2.197.1-24,10.2.197.1/24,public,true,flood,VLAN_197_10.2.197.1-24,phys,101,eth1/1,197
Chewbacca,2,"created,modified",Legacy_VLAN_EPGs,Main,10.2.198.1,24,VLAN_198_10.2.198.1-24,10.2.198.1/24,public,true,flood,VLAN_198_10.2.198.1-24,phys,101,eth1/1,198
Chewbacca,2,"created,modified",Legacy_VLAN_EPGs,Main,10.2.199.1,24,VLAN_199_10.2.199.1-24,10.2.199.1/24,public,true,flood,VLAN_199_10.2.199.1-24,phys,101,eth1/1,199
Chewbacca,2,"created,modified",Legacy_VLAN_EPGs,Main,10.2.200.1,24,VLAN_200_10.2.200.1-24,10.2.200.1/24,public,true,flood,VLAN_200_10.2.200.1-24,phys,101,eth1/1,200
Chewbacca,2,"created,modified",Legacy_VLAN_EPGs,Main,10.2.201.1,24,VLAN_201_10.2.201.1-24,10.2.201.1/24,public,true,flood,VLAN_201_10.2.201.1-24,phys,101,eth1/1,201
Chewbacca,2,"created,modified",Legacy_VLAN_EPGs,Main,10.2.202.1,24,VLAN_202_10.2.202.1-24,10.2.202.1/24,public,true,flood,VLAN_202_10.2.202.1-24,phys,101,eth1/1,202
Chewbacca,2,"created,modified",Legacy_VLAN_EPGs,Main,10.2.203.1,24,VLAN_203_10.2.203.1-24,10.2.203.1/24,public,true,flood,VLAN_203_10.2.203.1-24,phys,101,eth1/1,203
Chewbacca,2,"created,modified",Legacy_VLAN_EPGs,Main,10.2.204.1,24,VLAN_204_10.2.204.1-24,10.2.204.1/24,public,true,flood,VLAN_204_10.2.204.1-24,phys,101,eth1/1,204
Chewbacca,2,"created,modified",Legacy_VLAN_EPGs,Main,10.2.205.1,24,VLAN_205_10.2.205.1-24,10.2.205.1/24,public,true,flood,VLAN_205_10.2.205.1-24,phys,101,eth1/1,205
Chewbacca,2,"created,modified",Legacy_VLAN_EPGs,Main,10.2.206.1,24,VLAN_206_10.2.206.1-24,10.2.206.1/24,public,true,flood,VLAN_206_10.2.206.1-24,phys,101,eth1/1,206
Chewbacca,2,"created,modified",Legacy_VLAN_EPGs,Main,10.2.207.1,24,VLAN_207_10.2.207.1-24,10.2.207.1/24,public,true,flood,VLAN_207_10.2.207.1-24,phys,101,eth1/1,207
Chewbacca,2,"created,modified",Legacy_VLAN_EPGs,Main,10.2.208.1,24,VLAN_208_10.2.208.1-24,10.2.208.1/24,public,true,flood,VLAN_208_10.2.208.1-24,phys,101,eth1/1,208
Chewbacca,2,"created,modified",Legacy_VLAN_EPGs,Main,10.2.209.1,24,VLAN_209_10.2.209.1-24,10.2.209.1/24,public,true,flood,VLAN_209_10.2.209.1-24,phys,101,eth1/1,209
Chewbacca,2,"created,modified",Legacy_VLAN_EPGs,Main,10.2.210.1,24,VLAN_210_10.2.210.1-24,10.2.210.1/24,public,true,flood,VLAN_210_10.2.210.1-24,phys,101,eth1/1,210
Chewbacca,2,"created,modified",Legacy_VLAN_EPGs,Main,10.2.211.1,24,VLAN_211_10.2.211.1-24,10.2.211.1/24,public,true,flood,VLAN_211_10.2.211.1-24,phys,101,eth1/1,211
Chewbacca,2,"created,modified",Legacy_VLAN_EPGs,Main,10.2.212.1,24,VLAN_212_10.2.212.1-24,10.2.212.1/24,public,true,flood,VLAN_212_10.2.212.1-24,phys,101,eth1/1,212
Chewbacca,2,"created,modified",Legacy_VLAN_EPGs,Main,10.2.213.1,24,VLAN_213_10.2.213.1-24,10.2.213.1/24,public,true,flood,VLAN_213_10.2.213.1-24,phys,101,eth1/1,213
Chewbacca,2,"created,modified",Legacy_VLAN_EPGs,Main,10.2.214.1,24,VLAN_214_10.2.214.1-24,10.2.214.1/24,public,true,flood,VLAN_214_10.2.214.1-24,phys,101,eth1/1,214
Chewbacca,2,"created,modified",Legacy_VLAN_EPGs,Main,10.2.215.1,24,VLAN_215_10.2.215.1-24,10.2.215.1/24,public,true,flood,VLAN_215_10.2.215.1-24,phys,101,eth1/1,215
Chewbacca,2,"created,modified",Legacy_VLAN_EPGs,Main,10.2.216.1,24,VLAN_216_10.2.216.1-24,10.2.216.1/24,public,true,flood,VLAN_216_10.2.216.1-24,phys,101,eth1/1,216
Chewbacca,2,"created,modified",Legacy_VLAN_EPGs,Main,10.2.217.1,24,VLAN_217_10.2.217.1-24,10.2.217.1/24,public,true,flood,VLAN_217_10.2.217.1-24,phys,101,eth1/1,217
Chewbacca,2,"created,modified",Legacy_VLAN_EPGs,Main,10.2.218.1,24,VLAN_218_10.2.218.1-24,10.2.218.1/24,public,true,flood,VLAN_218_10.2.218.1-24,phys,101,eth1/1,218
Chewbacca,2,"created,modified",Legacy_VLAN_EPGs,Main,10.2.219.1,24,VLAN_219_10.2.219.1-24,10.2.219.1/24,public,true,flood,VLAN_219_10.2.219.1-24,phys,101,eth1/1,219
Chewbacca,2,"created,modified",Legacy_VLAN_EPGs,Main,10.2.220.1,24,VLAN_220_10.2.220.1-24,10.2.220.1/24,public,true,flood,VLAN_220_10.2.220.1-24,phys,101,eth1/1,220
Chewbacca,2,"created,modified",Legacy_VLAN_EPGs,Main,10.2.221.1,24,VLAN_221_10.2.221.1-24,10.2.221.1/24,public,true,flood,VLAN_221_10.2.221.1-24,phys,101,eth1/1,221
Chewbacca,2,"created,modified",Legacy_VLAN_EPGs,Main,10.2.222.1,24,VLAN_222_10.2.222.1-24,10.2.222.1/24,public,true,flood,VLAN_222_10.2.222.1-24,phys,101,eth1/1,222
Chewbacca,2,"created,modified",Legacy_VLAN_EPGs,Main,10.2.223.1,24,VLAN_223_10.2.223.1-24,10.2.223.1/24,public,true,flood,VLAN_223_10.2.223.1-24,phys,101,eth1/1,223
Chewbacca,2,"created,modified",Legacy_VLAN_EPGs,Main,10.2.224.1,24,VLAN_224_10.2.224.1-24,10.2.224.1/24,public,true,flood,VLAN_224_10.2.224.1-24,phys,101,eth1/1,224
Chewbacca,2,"created,modified",Legacy_VLAN_EPGs,Main,10.2.225.1,24,VLAN_225_10.2.225.1-24,10.2.225.1/24,public,true,flood,VLAN_225_10.2.225.1-24,phys,101,eth1/1,225
Chewbacca,2,"created,modified",Legacy_VLAN_EPGs,Main,10.2.226.1,24,VLAN_226_10.2.226.1-24,10.2.226.1/24,public,true,flood,VLAN_226_10.2.226.1-24,phys,101,eth1/1,226
Chewbacca,2,"created,modified",Legacy_VLAN_EPGs,Main,10.2.227.1,24,VLAN_227_10.2.227.1-24,10.2.227.1/24,public,true,flood,VLAN_227_10.2.227.1-24,phys,101,eth1/1,227
Chewbacca,2,"created,modified",Legacy_VLAN_EPGs,Main,10.2.228.1,24,VLAN_228_10.2.228.1-24,10.2.228.1/24,public,true,flood,VLAN_228_10.2.228.1-24,phys,101,eth1/1,228
Chewbacca,2,"created,modified",Legacy_VLAN_EPGs,Main,10.2.229.1,24,VLAN_229_10.2.229.1-24,10.2.229.1/24,public,true,flood,VLAN_229_10.2.229.1-24,phys,101,eth1/1,229
Chewbacca,2,"created,modified",Legacy_VLAN_EPGs,Main,10.2.230.1,24,VLAN_230_10.2.230.1-24,10.2.230.1/24,public,true,flood,VLAN_230_10.2.230.1-24,phys,101,eth1/1,230
Chewbacca,2,"created,modified",Legacy_VLAN_EPGs,Main,10.2.231.1,24,VLAN_231_10.2.231.1-24,10.2.231.1/24,public,true,flood,VLAN_231_10.2.231.1-24,phys,101,eth1/1,231
Chewbacca,2,"created,modified",Legacy_VLAN_EPGs,Main,10.2.232.1,24,VLAN_232_10.2.232.1-24,10.2.232.1/24,public,true,flood,VLAN_232_10.2.232.1-24,phys,101,eth1/1,232
Chewbacca,2,"created,modified",Legacy_VLAN_EPGs,Main,10.2.233.1,24,VLAN_233_10.2.233.1-24,10.2.233.1/24,public,true,flood,VLAN_233_10.2.233.1-24,phys,101,eth1/1,233
Chewbacca,2,"created,modified",Legacy_VLAN_EPGs,Main,10.2.234.1,24,VLAN_234_10.2.234.1-24,10.2.234.1/24,public,true,flood,VLAN_234_10.2.234.1-24,phys,101,eth1/1,234
Chewbacca,2,"created,modified",Legacy_VLAN_EPGs,Main,10.2.235.1,24,VLAN_235_10.2.235.1-24,10.2.235.1/24,public,true,flood,VLAN_235_10.2.235.1-24,phys,101,eth1/1,235
Chewbacca,2,"created,modified",Legacy_VLAN_EPGs,Main,10.2.236.1,24,VLAN_236_10.2.236.1-24,10.2.236.1/24,public,true,flood,VLAN_236_10.2.236.1-24,phys,101,eth1/1,236
Chewbacca,2,"created,modified",Legacy_VLAN_EPGs,Main,10.2.237.1,24,VLAN_237_10.2.237.1-24,10.2.237.1/24,public,true,flood,VLAN_237_10.2.237.1-24,phys,101,eth1/1,237
Chewbacca,2,"created,modified",Legacy_VLAN_EPGs,Main,10.2.238.1,24,VLAN_238_10.2.238.1-24,10.2.238.1/24,public,true,flood,VLAN_238_10.2.238.1-24,phys,101,eth1/1,238
Chewbacca,2,"created,modified",Legacy_VLAN_EPGs,Main,10.2.239.1,24,VLAN_239_10.2.239.1-24,10.2.239.1/24,public,true,flood,VLAN_239_10.2.239.1-24,phys,101,eth1/1,239
Chewbacca,2,"created,modified",Legacy_VLAN_EPGs,Main,10.2.240.1,24,VLAN_240_10.2.240.1-24,10.2.240.1/24,public,true,flood,VLAN_240_10.2.240.1-24,phys,101,eth1/1,240
Chewbacca,2,"created,modified",Legacy_VLAN_EPGs,Main,10.2.241.1,24,VLAN_241_10.2.241.1-24,10.2.241.1/24,public,true,flood,VLAN_241_10.2.241.1-24,phys,101,eth1/1,241
Chewbacca,2,"created,modified",Legacy_VLAN_EPGs,Main,10.2.242.1,24,VLAN_242_10.2.242.1-24,10.2.242.1/24,public,true,flood,VLAN_242_10.2.242.1-24,phys,101,eth1/1,242
Chewbacca,2,"created,modified",Legacy_VLAN_EPGs,Main,10.2.243.1,24,VLAN_243_10.2.243.1-24,10.2.243.1/24,public,true,flood,VLAN_243_10.2.243.1-24,phys,101,eth1/1,243
Chewbacca,2,"created,modified",Legacy_VLAN_EPGs,Main,10.2.244.1,24,VLAN_244_10.2.244.1-24,10.2.244.1/24,public,true,flood,VLAN_244_10.2.244.1-24,phys,101,eth1/1,244
Chewbacca,2,"created,modified",Legacy_VLAN_EPGs,Main,10.2.245.1,24,VLAN_245_10.2.245.1-24,10.2.245.1/24,public,true,flood,VLAN_245_10.2.245.1-24,phys,101,eth1/1,245
Chewbacca,2,"created,modified",Legacy_VLAN_EPGs,Main,10.2.246.1,24,VLAN_246_10.2.246.1-24,10.2.246.1/24,public,true,flood,VLAN_246_10.2.246.1-24,phys,101,eth1/1,246
Chewbacca,2,"created,modified",Legacy_VLAN_EPGs,Main,10.2.247.1,24,VLAN_247_10.2.247.1-24,10.2.247.1/24,public,true,flood,VLAN_247_10.2.247.1-24,phys,101,eth1/1,247
Chewbacca,2,"created,modified",Legacy_VLAN_EPGs,Main,10.2.248.1,24,VLAN_248_10.2.248.1-24,10.2.248.1/24,public,true,flood,VLAN_248_10.2.248.1-24,phys,101,eth1/1,248
Chewbacca,2,"created,modified",Legacy_VLAN_EPGs,Main,10.2.249.1,24,VLAN_249_10.2.249.1-24,10.2.249.1/24,public,true,flood,VLAN_249_10.2.249.1-24,phys,101,eth1/1,249
Chewbacca,2,"created,modified",Legacy_VLAN_EPGs,Main,10.2.250.1,24,VLAN_250_10.2.250.1-24,10.2.250.1/24,public,true,flood,VLAN_250_10.2.250.1-24,phys,101,eth1/1,250
Chewbacca,2,"created,modified",Legacy_VLAN_EPGs,Main,10.2.251.1,24,VLAN_251_10.2.251.1-24,10.2.251.1/24,public,true,flood,VLAN_251_10.2.251.1-24,phys,101,eth1/1,251
Chewbacca,2,"created,modified",Legacy_VLAN_EPGs,Main,10.2.252.1,24,VLAN_252_10.2.252.1-24,10.2.252.1/24,public,true,flood,VLAN_252_10.2.252.1-24,phys,101,eth1/1,252
Chewbacca,2,"created,modified",Legacy_VLAN_EPGs,Main,10.2.253.1,24,VLAN_253_10.2.253.1-24,10.2.253.1/24,public,true,flood,VLAN_253_10.2.253.1-24,phys,101,eth1/1,253
Chewbacca,2,"created,modified",Legacy_VLAN_EPGs,Main,10.2.254.1,24,VLAN_254_10.2.254.1-24,10.2.254.1/24,public,true,flood,VLAN_254_10.2.254.1-24,phys,101,eth1/1,254